{
    "$schema": "http://schema.management.azure.com/schemas/2015-01-01/deploymentTemplate.json#",
    "contentVersion": "1.0.0.0",
    "parameters": {
        "location": {
            "type": "string"
        },
        "accountType": {
            "type": "string"
        },
        "kind": {
            "type": "string"
        },
        "accessTier": {
            "type": "string"
        },
        "supportsHttpsTrafficOnly": {
            "type": "bool"
        }
    },
    "variables": {
        "storageAccountName": "[concat(uniqueString(subscription().subscriptionId), 'storage')]"
    },
    "resources": [
        {
            "name": "[variables('storageAccountName')]",
            "type": "Microsoft.Storage/storageAccounts",
            "apiVersion": "2018-07-01",
            "location": "[parameters('location')]",
            "properties": {
                "accessTier": "[parameters('accessTier')]",
                "supportsHttpsTrafficOnly": "[parameters('supportsHttpsTrafficOnly')]"
            },
            "dependsOn": [],
            "sku": {
                "name": "[parameters('accountType')]"
            },
            "kind": "[parameters('kind')]"
        }
    ],
    "outputs": {}
}